{"train_loss": [1.5209098783637416, 0.9452523115093011, 0.8122534053539162, 0.7315240512524587, 0.6711481230091184, 0.6308921013813792, 0.597269070682241, 0.573395641055951, 0.5565484255107481, 0.5382514307493849, 0.5231474640527005, 0.5104482941535998, 0.49983907190721427, 0.489082125331293, 0.4809328708440256, 0.47194441752647287, 0.46179299390138084, 0.4560889301777903, 0.44621902948884823, 0.4399393025491792, 0.4343107242955328, 0.43055911860994694, 0.42553095475061614, 0.41723142443562367, 0.41401657417638976, 0.4106772239210763, 0.40663400851587245, 0.40449380467949647, 0.4006554424635637, 0.3962253858921116, 0.39291101954639085, 0.38819155487805795, 0.3833081925601593, 0.3840289746266184, 0.37805289678227927, 0.3732803669501978, 0.37280790574515044, 0.3698570011838921, 0.36383180091503076, 0.3623917281055756, 0.3614196731909506, 0.35832943101681625, 0.3567539749623362, 0.3539382127492921, 0.3504249944425087, 0.3509176258466391, 0.34844487015880754, 0.3454991636563466, 0.34584549733443554, 0.3447548542449723], "train_acc": [0.4716595593461265, 0.6786491648898365, 0.7282005152807391, 0.7571795042643923, 0.7790234097370292, 0.7921830579246625, 0.8019112029140014, 0.8097792288557214, 0.8152596393034826, 0.8214008084577115, 0.8271532960199005, 0.8316231343283582, 0.833944118692253, 0.8372590174129354, 0.8411402807391614, 0.8448160980810234, 0.8470371357498223, 0.8488750444207533, 0.8513570540156361, 0.8538057480454868, 0.8557269456289979, 0.857414934257285, 0.8583311122956646, 0.8615516169154228, 0.8618403518123667, 0.8628731343283582, 0.8657604832977968, 0.8655716950959488, 0.8666988717128642, 0.8683924129353234, 0.8681425461975836, 0.87091329068941, 0.8718294687277895, 0.8723403073916134, 0.8737562189054727, 0.8755219438521677, 0.8760438877043354, 0.8772710110163469, 0.8790478411513859, 0.878970104832978, 0.8796808368869936, 0.881030117270789, 0.8815964818763327, 0.8827014481165602, 0.8834788113006397, 0.8828902363184079, 0.8838619402985075, 0.884828091684435, 0.8843727789623311, 0.8855443763326226], "test_loss": [1.030314720884154, 0.8187289139892482, 0.748486651649958, 0.6800555507593518, 0.636709372642674, 0.6081530191475832, 0.5599244033234029, 0.5627518564085418, 0.546042372720151, 0.5331290803755386, 0.5165645574467091, 0.5133351266761369, 0.490209021523029, 0.47610537198525443, 0.4760965489888493, 0.4824134051045285, 0.4578583875223051, 0.4449277668248249, 0.451859694587279, 0.4526286595795728, 0.45114014835297306, 0.43660348163375373, 0.4288055537433564, 0.43561589038824733, 0.4154517880723446, 0.4131528261718871, 0.40869159072260314, 0.4147841955853414, 0.4140632853289194, 0.40209540385234205, 0.38935000072174436, 0.4063950959074346, 0.3945752234209942, 0.3972398943350285, 0.3871399230217632, 0.3759369605892821, 0.38750965308539476, 0.3755686721658405, 0.37719695666168307, 0.37948336103294467, 0.3701020754590819, 0.37161552873027476, 0.365189671893663, 0.36596517378016363, 0.3578602201953719, 0.3708192906990836, 0.36054811871881726, 0.3550156087060518, 0.36553279018100304, 0.3613443098302129], "test_acc": [0.6514042721518988, 0.7244857594936709, 0.7519778481012658, 0.7757120253164557, 0.7930181962025317, 0.8004351265822784, 0.8193235759493671, 0.8169501582278481, 0.8240704113924051, 0.8254549050632911, 0.8323773734177216, 0.8310917721518988, 0.8407832278481012, 0.846123417721519, 0.8480023734177216, 0.8431566455696202, 0.8495846518987342, 0.8581882911392406, 0.853935917721519, 0.8537381329113924, 0.8534414556962026, 0.8553204113924051, 0.8602650316455697, 0.8566060126582279, 0.8681764240506329, 0.866495253164557, 0.8679786392405063, 0.8659018987341772, 0.8696598101265823, 0.8738132911392406, 0.8730221518987342, 0.8692642405063291, 0.8713409810126582, 0.8690664556962026, 0.8769778481012658, 0.8785601265822784, 0.8734177215189873, 0.8810324367088608, 0.8764833860759493, 0.877373417721519, 0.8815268987341772, 0.8829113924050633, 0.8855814873417721, 0.8830102848101266, 0.8842958860759493, 0.8801424050632911, 0.8836036392405063, 0.8845925632911392, 0.8809335443037974, 0.8824169303797469]}