{"train_loss": [2.121969107371658, 1.8811725634755865, 1.8110592944789796, 1.7672739788921656, 1.738634715456444, 1.722832910287609, 1.711031280092593, 1.7009279575429237, 1.693719494317386, 1.6883423292814796, 1.6835589177572905, 1.6833133107817757, 1.679976096031254, 1.6773572041790115, 1.6738396394989892, 1.6731954561367726, 1.670448107505912, 1.6676905836377824, 1.666467476246962, 1.6661913857531192, 1.663387005771401, 1.6623895763080003, 1.660221844085498, 1.6592960690638658, 1.657541566820287, 1.655413891969205, 1.654517647554117, 1.6536362544814152, 1.6538439734912376, 1.652042879224586, 1.6525394176877637, 1.6513190660903703, 1.6521578412066136, 1.6506152928256785, 1.6502534618764035, 1.6516459862560606, 1.6503839932525082, 1.6498559410892315, 1.650943252323533, 1.6487003018352777, 1.6475111136812646, 1.6437410863477793, 1.6440568356625815, 1.6445835155210515, 1.643125937437452, 1.6434837805945228, 1.6436693909834188, 1.6427368411123118, 1.642031127710078, 1.6411774626164548], "train_acc": [0.35735385572139305, 0.6129120024875623, 0.6692042022032694, 0.7080945717839375, 0.732614827647477, 0.7465962597725657, 0.7556691986496091, 0.7657527096659559, 0.771505197228145, 0.7781183368869936, 0.7828769100923951, 0.78125, 0.7846093194740582, 0.7873634061833689, 0.7907782515991472, 0.7913001954513149, 0.7932269456289979, 0.7964474502487563, 0.7972969971570718, 0.7976579157782516, 0.8004008972992182, 0.7997901119402985, 0.8034048507462687, 0.8034992448471926, 0.8052982853589197, 0.8074971126510305, 0.8087631041222458, 0.8093572316986497, 0.8089741027007818, 0.8101179371002132, 0.8098736229566453, 0.8117170842217484, 0.8101179371002132, 0.8124167110874201, 0.8125111051883439, 0.8112673240938166, 0.8125111051883439, 0.8126332622601279, 0.8108231165600569, 0.8139714374555793, 0.814637748756219, 0.8190298507462687, 0.8193185856432126, 0.8181969616204691, 0.8195851101634685, 0.8186078535891969, 0.8190409559346126, 0.8203458155650319, 0.820417999289268, 0.8215340707178395], "test_loss": [1.9458885494666764, 1.8220529858070085, 1.7729375332216673, 1.7321676679804354, 1.7117244095741948, 1.6985782354692869, 1.6876254443880878, 1.6836605238009104, 1.6843558127367044, 1.67611645445039, 1.6702834895894498, 1.6694537748264362, 1.671992470946493, 1.664370141451872, 1.6628190595892411, 1.6634455949445315, 1.656356852265853, 1.6529355426377887, 1.655376603331747, 1.6559224702134918, 1.6562087626396855, 1.6491593529906454, 1.6538995640187324, 1.647838117201117, 1.6461803747128836, 1.6450339450111873, 1.6464784205714358, 1.6439358146884773, 1.6469740294202972, 1.645762787589544, 1.6470309993888759, 1.6446821825413764, 1.6445107641099375, 1.6423740568040293, 1.6417805801464032, 1.6437926699843588, 1.6449620859532417, 1.648829997340335, 1.6401182186754444, 1.6430218612091452, 1.6372361832027194, 1.6400084676621836, 1.6424049531357199, 1.6381431953816474, 1.6326544375359258, 1.6365410587455653, 1.635224457028546, 1.6378445640394959, 1.6343256687816186, 1.6353806528864028], "test_acc": [0.5532041139240507, 0.6611946202531646, 0.7023338607594937, 0.7440664556962026, 0.7589003164556962, 0.7698773734177216, 0.78125, 0.7838212025316456, 0.7825356012658228, 0.7869857594936709, 0.7957871835443038, 0.7972705696202531, 0.7947982594936709, 0.8013251582278481, 0.8029074367088608, 0.8003362341772152, 0.8091376582278481, 0.8113132911392406, 0.8072587025316456, 0.8058742088607594, 0.8088409810126582, 0.8147745253164557, 0.8100276898734177, 0.8160601265822784, 0.8189280063291139, 0.817939082278481, 0.8154667721518988, 0.8185324367088608, 0.8161590189873418, 0.8168512658227848, 0.8178401898734177, 0.8181368670886076, 0.8180379746835443, 0.8201147151898734, 0.8203125, 0.8187302215189873, 0.8167523734177216, 0.815565664556962, 0.8204113924050633, 0.8192246835443038, 0.8269382911392406, 0.8227848101265823, 0.8188291139240507, 0.8245648734177216, 0.8283227848101266, 0.8255537974683544, 0.8280261075949367, 0.825059335443038, 0.8279272151898734, 0.8270371835443038]}