{
    "train_loss": [
        2.0865682294882184,
        1.953049569750137,
        1.913250348461208,
        1.88241529642646,
        1.8672999418112262,
        1.8543491808336172,
        1.8451485445758682,
        1.8373055852044111,
        1.829115830504818,
        1.823142389498794,
        1.8168940927936579,
        1.812333282885521,
        1.8074376918613784,
        1.803283169325481,
        1.7998366645658448,
        1.7955142948419047,
        1.792124053562628,
        1.7904875840205374,
        1.788658171574444,
        1.78454365862458,
        1.7826746681860006,
        1.7804473076802072,
        1.7783135300251975,
        1.7754709537603708,
        1.773720130229047,
        1.7717026525468969,
        1.7695416369672015,
        1.7681883487111725,
        1.766735297276267,
        1.7648078719181801,
        1.7640068668292275,
        1.7631309769555195,
        1.7608111217332039,
        1.7598764431247833,
        1.7579860766050912,
        1.7577310792927041,
        1.755324248566048,
        1.754947820706154,
        1.7542466662331684,
        1.7538082538637272,
        1.7512757460445738,
        1.7511759256757398,
        1.7481735642276592,
        1.7490157359190333,
        1.747849561003988,
        1.7472559455107015,
        1.746696308477601,
        1.7468561899941613,
        1.7446889811233162,
        1.7443792461586405
    ],
    "train_acc": [
        0.38956445451314853,
        0.5282904673063255,
        0.564415644989339,
        0.5950770700071073,
        0.6077203269367448,
        0.6207300550817342,
        0.6293865493958778,
        0.6367381840796019,
        0.6450115493958778,
        0.6501810145700071,
        0.6552172174840085,
        0.6599535803127221,
        0.6647288113006397,
        0.6678049484719261,
        0.6722192608386638,
        0.6740460643212509,
        0.6791655561478323,
        0.6793099235963043,
        0.6814920931058991,
        0.685789800995025,
        0.6869669509594882,
        0.6876998933901919,
        0.6905650319829424,
        0.6941797707889126,
        0.6959343905472637,
        0.6961898098791756,
        0.7000488628287136,
        0.7003209399431414,
        0.7013703802416489,
        0.7036691542288557,
        0.7043021499644634,
        0.7054237739872068,
        0.7068174751243781,
        0.7068896588486141,
        0.7101490316275764,
        0.7101490316275764,
        0.7122368070362474,
        0.7126643567874911,
        0.7130363805970149,
        0.712786513859275,
        0.7151963397299218,
        0.7157404939587776,
        0.7192997068230277,
        0.7176394811656006,
        0.7196384150675196,
        0.7197772299218195,
        0.718511238450604,
        0.7198827292110874,
        0.7212542199715708,
        0.7222703447050463
    ],
    "test_loss": [
        1.9712044076074529,
        1.917488235461561,
        1.876672838307634,
        1.8593017738076705,
        1.854231236856195,
        1.8433731658549248,
        1.8301178745076627,
        1.8222365228435662,
        1.834847451765326,
        1.813444712493993,
        1.8073498750034767,
        1.8018835662286492,
        1.798207332816305,
        1.7959596310989767,
        1.7987641186653813,
        1.7861522798296772,
        1.7933237733720224,
        1.7810730028756057,
        1.7827581287939338,
        1.7800696122495434,
        1.781167161615589,
        1.7829749493659297,
        1.77907197988486,
        1.7802753252319143,
        1.7757115198087088,
        1.7633557817603969,
        1.7641482549377634,
        1.7641124423546126,
        1.761498537244676,
        1.7598058603986908,
        1.768724366079403,
        1.75471487679059,
        1.7626235575615605,
        1.7555378117138827,
        1.7691650782959372,
        1.7516296890717518,
        1.7604033886631834,
        1.7490249464783487,
        1.7507697268377376,
        1.7695737473572357,
        1.7473696485350403,
        1.7582760853103445,
        1.7502219043200529,
        1.7653204489357863,
        1.7409196382836452,
        1.7455474032631404,
        1.7425414278537412,
        1.7394717539413065,
        1.7563759028157102,
        1.7422062807445284
    ],
    "test_acc": [
        0.513251582278481,
        0.5637856012658228,
        0.603243670886076,
        0.6196598101265823,
        0.6215387658227848,
        0.630439082278481,
        0.645371835443038,
        0.6553599683544303,
        0.6371637658227848,
        0.658623417721519,
        0.6654469936708861,
        0.6702927215189873,
        0.6741495253164557,
        0.6762262658227848,
        0.6680181962025317,
        0.6839398734177216,
        0.6740506329113924,
        0.6870055379746836,
        0.6876977848101266,
        0.6870055379746836,
        0.6894778481012658,
        0.6833465189873418,
        0.6882911392405063,
        0.6878955696202531,
        0.6873022151898734,
        0.7033227848101266,
        0.7043117088607594,
        0.7037183544303798,
        0.7058939873417721,
        0.7076740506329114,
        0.6979825949367089,
        0.7105419303797469,
        0.7049050632911392,
        0.7120253164556962,
        0.6992681962025317,
        0.7143987341772152,
        0.7064873417721519,
        0.7166732594936709,
        0.7146954113924051,
        0.6963014240506329,
        0.71875,
        0.7066851265822784,
        0.7162776898734177,
        0.6990704113924051,
        0.7236946202531646,
        0.718057753164557,
        0.7224090189873418,
        0.7233979430379747,
        0.7093552215189873,
        0.7212223101265823
    ]
}