{"train_loss": [2.0365831661326035, 1.796953665422224, 1.7225611197160506, 1.6902859119464084, 1.6704224876757623, 1.6585608011623945, 1.6485517940033219, 1.640625068882127, 1.6335573491257136, 1.6289122905304183, 1.6245848916486891, 1.6199182887067165, 1.6175974983650485, 1.614485459541207, 1.6110587249686723, 1.6086828256212573, 1.6075169890165837, 1.6039167098653342, 1.6032516176004146, 1.6018934671812728, 1.6027292630819878, 1.5974354566033206, 1.5955233909427993, 1.594721844201403, 1.593846918169115, 1.5906875293646285, 1.5913154995009335, 1.5908521146916632, 1.5892285375452753, 1.5874752251069937, 1.5882926419345555, 1.5868546889026536, 1.5854612985399485, 1.5843291391950172, 1.5823664324624198, 1.582158314139604, 1.5818778563664158, 1.5799098683318604, 1.5804232915581415, 1.5795761595911055, 1.5750715569900806, 1.5770626957736797, 1.5763839854360389, 1.5757982746116135, 1.5752136137948107, 1.5741778065655023, 1.5738903896640868, 1.5719295140268452, 1.5731236909244106, 1.5717100413369218], "train_acc": [0.453158315565032, 0.6883884150675196, 0.7547474680170576, 0.7846703980099503, 0.8017390724946695, 0.8110840884861408, 0.8212953091684435, 0.8277529761904762, 0.833977434257285, 0.8383861940298507, 0.8421841684434968, 0.8469038734896944, 0.8484974680170576, 0.8512015813788202, 0.8546664001421465, 0.8562433368869936, 0.8572594616204691, 0.861151830135039, 0.861346170931059, 0.8627620824449183, 0.8615849324804549, 0.8672707889125799, 0.8688255152807391, 0.8686533848614072, 0.8704468727789623, 0.873006618692253, 0.8725624111584932, 0.8724902274342573, 0.8742170842217484, 0.8761438343994313, 0.8751832356076759, 0.8761993603411514, 0.8772821162046909, 0.8790700515280739, 0.8813632729211087, 0.8806414356787491, 0.8813299573560768, 0.8829735252309879, 0.882884683724236, 0.8834732587064676, 0.8883984097370292, 0.8857498223169865, 0.8864994225302062, 0.886799262615494, 0.8870768923240938, 0.8885427771855011, 0.8887038024164889, 0.8907804726368159, 0.8895089285714286, 0.890697183724236], "test_loss": [1.8437811543669882, 1.739867749093454, 1.696480861193017, 1.6699884737594217, 1.654310772690592, 1.6430396264112448, 1.6400667459149905, 1.6285461655145959, 1.6201448304743706, 1.615191421931303, 1.6169372525396226, 1.6211229291143296, 1.6160033488575416, 1.6026161562038372, 1.6013782763782936, 1.6009276184854628, 1.5958907921102983, 1.6005478101440622, 1.5929561521433577, 1.5958215375489826, 1.591276626043682, 1.5942964176588421, 1.5912086450600926, 1.5875839840007733, 1.5871031903013397, 1.5810603401328944, 1.5924359514743467, 1.584344195414193, 1.5887691823742058, 1.5828401227540607, 1.5801123018506207, 1.5792193986192535, 1.5827261194398132, 1.578581162645847, 1.5765161861347248, 1.576683845701097, 1.5788512682612938, 1.5712847604027278, 1.5723839892616756, 1.5737580951256087, 1.5883564964125427, 1.5683120398581782, 1.5721761938891834, 1.5702905126764803, 1.5657947697216952, 1.5694464912897423, 1.5705879338179962, 1.5665689646443235, 1.5646226722982866, 1.5640581106837792], "test_acc": [0.6470530063291139, 0.7402096518987342, 0.7792721518987342, 0.8031052215189873, 0.8182357594936709, 0.8260482594936709, 0.825751582278481, 0.8394976265822784, 0.8487935126582279, 0.8550237341772152, 0.8500791139240507, 0.8443433544303798, 0.849881329113924, 0.8629351265822784, 0.8647151898734177, 0.8644185126582279, 0.8696598101265823, 0.8638251582278481, 0.8725276898734177, 0.868868670886076, 0.8728243670886076, 0.8707476265822784, 0.8720332278481012, 0.878065664556962, 0.8760878164556962, 0.8823180379746836, 0.8717365506329114, 0.8792523734177216, 0.8745055379746836, 0.8823180379746836, 0.8832080696202531, 0.8836036392405063, 0.8803401898734177, 0.884493670886076, 0.8866693037974683, 0.8853837025316456, 0.8837025316455697, 0.8919106012658228, 0.8919106012658228, 0.8892405063291139, 0.8745055379746836, 0.8964596518987342, 0.8901305379746836, 0.8928995253164557, 0.8975474683544303, 0.8940862341772152, 0.8911194620253164, 0.8957674050632911, 0.8988330696202531, 0.8984375]}