idx,label,prediction,correct,logit_0,logit_1,logit_2,logit_3,logit_4,logit_5,logit_6,logit_7,logit_8,logit_9
22,6,6,True,2.175622057620785e-06,9.58766885328366e-11,4.8994350223143545e-18,1.5787473011440877e-18,0.001527638640254736,2.971241308546979e-12,0.99847012758255,1.5799543007233297e-08,1.7620209735724757e-09,3.695603822961857e-09
