{"train_loss": [1.8752705634021556, 1.6858694167025308, 1.648500574931407, 1.6280664968083916, 1.6141340496189305, 1.604946550529903, 1.5958833285232088, 1.5913235086367836, 1.5866662070695272, 1.5817795730094666, 1.5772703967368933, 1.5747088491281211, 1.5722660532892385, 1.568572007008453, 1.5670210171355876, 1.5641061631855426, 1.5625692938944933, 1.5604746588257585, 1.5598371191573803, 1.5580533219298829, 1.5567413789631208, 1.5547040111220467, 1.5551269199294069, 1.5520676282931491, 1.5520926172545215, 1.5515944939940722, 1.550545462921484, 1.5490513920529818, 1.549820888017032, 1.5482694457080572, 1.5489867414746965, 1.5446443923754987, 1.5450635253747642, 1.544682906126417, 1.5431035968032218, 1.5425453089447672, 1.5431797428171772, 1.5411338023285368, 1.541395218133418, 1.541452801303823, 1.5392832804336223, 1.539534673507788, 1.539267516593689, 1.5385625756371504, 1.5380468490535517, 1.5375302071764525, 1.5363698353899566, 1.535922915950767, 1.5349741475160188, 1.535227826155071], "train_acc": [0.6174484719260839, 0.7906172263681592, 0.8214674395877755, 0.839918710021322, 0.8523121002132196, 0.8611296197583511, 0.8685589907604834, 0.8734785891968727, 0.876971170931059, 0.8822350302061124, 0.8859108475479744, 0.8885150142146411, 0.8904750799573561, 0.8942064232409381, 0.8957389392324094, 0.8988928127221039, 0.9000366471215352, 0.902452025586354, 0.90221881663113, 0.9045509061833689, 0.9056447672352522, 0.9074049395877755, 0.9073383084577115, 0.9104866293532339, 0.9099480277185501, 0.9108419953802416, 0.9116304637526652, 0.9129131130063965, 0.9119802771855011, 0.914045842217484, 0.9128853500355366, 0.917771632906894, 0.9165556147832267, 0.9171886105188344, 0.9189487828713575, 0.9193818852167733, 0.9192985963041933, 0.9208255597014925, 0.9201425906183369, 0.919809434968017, 0.9223469705046198, 0.9221637348969439, 0.9222470238095238, 0.9233242270788913, 0.9237129086709311, 0.923879486496091, 0.9255952380952381, 0.9261116293532339, 0.9268001510305615, 0.9263281805259418], "test_loss": [1.7067649485189704, 1.6519303487825998, 1.625245373460311, 1.6197949572454524, 1.6123819321016721, 1.593250594561613, 1.5881348139123073, 1.5867308348040037, 1.5839921749090846, 1.579092479959319, 1.5701336075987997, 1.5698336317569395, 1.5705817394618746, 1.5634999214848386, 1.564328281185295, 1.5636178345619878, 1.556790754764895, 1.5667404223091994, 1.5561454673356647, 1.5598095368735398, 1.5506340521800368, 1.5638064689274076, 1.5570092427579663, 1.55368417124205, 1.553010724767854, 1.5530146315127988, 1.552080996428864, 1.5528775347939021, 1.5488452669940418, 1.5534969070289708, 1.5451128512998171, 1.5457579033284248, 1.5454304912422276, 1.5390252206898942, 1.5407953443406504, 1.545879382121412, 1.543058247505864, 1.539981259575373, 1.5416921573349192, 1.5407605608807335, 1.5437200054337707, 1.5404376002806652, 1.53863279578052, 1.5374378101735175, 1.538920366311375, 1.540228787856766, 1.5342578420156165, 1.5438276634940618, 1.5390365395364882, 1.5399582325657712], "test_acc": [0.7740308544303798, 0.819620253164557, 0.843057753164557, 0.8485957278481012, 0.8536392405063291, 0.8701542721518988, 0.8741099683544303, 0.8764833860759493, 0.8790545886075949, 0.8834058544303798, 0.8930973101265823, 0.892998417721519, 0.8908227848101266, 0.8996242088607594, 0.899129746835443, 0.8992286392405063, 0.9056566455696202, 0.895371835443038, 0.9050632911392406, 0.9030854430379747, 0.9113924050632911, 0.8980419303797469, 0.9047666139240507, 0.9072389240506329, 0.9085245253164557, 0.9087223101265823, 0.908623417721519, 0.908623417721519, 0.9125791139240507, 0.907931170886076, 0.9168314873417721, 0.9169303797468354, 0.914754746835443, 0.9220727848101266, 0.922567246835443, 0.915743670886076, 0.9190071202531646, 0.9227650316455697, 0.9200949367088608, 0.9214794303797469, 0.917128164556962, 0.9204905063291139, 0.922567246835443, 0.9232594936708861, 0.9216772151898734, 0.9215783227848101, 0.9267207278481012, 0.9175237341772152, 0.9217761075949367, 0.921875]}